idx,Accuracy,Precision,Recall,FPR,FNR
0.0,0.988,1.0,0.76,0.0,0.24
1.0,0.994,0.9583333333333334,0.92,0.0021052631578947,0.08
2.0,0.996,0.925925925925926,1.0,0.0042105263157894,0.0
3.0,0.994,0.8928571428571429,1.0,0.0063157894736842,0.0
4.0,0.996,0.925925925925926,1.0,0.0042105263157894,0.0
