idx,Accuracy,Precision,Recall,FPR,FNR
0.0,0.98,1.0,0.6,0.0,0.4
1.0,0.998,0.9615384615384616,1.0,0.0021052631578947,0.0
2.0,1.0,1.0,1.0,0.0,0.0
3.0,0.994,0.8928571428571429,1.0,0.0063157894736842,0.0
4.0,0.998,0.9615384615384616,1.0,0.0021052631578947,0.0
