idx,Accuracy,Precision,Recall,FPR,FNR
0.0,0.982,0.9,0.72,0.0042105263157894,0.28
1.0,0.992,0.92,0.92,0.0042105263157894,0.08
2.0,1.0,1.0,1.0,0.0,0.0
3.0,0.996,0.925925925925926,1.0,0.0042105263157894,0.0
4.0,1.0,1.0,1.0,0.0,0.0
