idx,Accuracy,Precision,Recall,FPR,FNR
0.0,0.978,0.9375,0.6,0.0021052631578947,0.4
1.0,0.996,0.96,0.96,0.0021052631578947,0.04
2.0,0.998,0.9615384615384616,1.0,0.0021052631578947,0.0
3.0,1.0,1.0,1.0,0.0,0.0
4.0,1.0,1.0,1.0,0.0,0.0
