idx,Accuracy,Precision,Recall,FPR,FNR
0.0,0.984,0.9047619047619048,0.76,0.0042105263157894,0.24
1.0,0.996,0.96,0.96,0.0021052631578947,0.04
2.0,1.0,1.0,1.0,0.0,0.0
3.0,0.998,0.9615384615384616,1.0,0.0021052631578947,0.0
4.0,0.998,0.9615384615384616,1.0,0.0021052631578947,0.0
