idx,Accuracy,Precision,Recall,FPR,FNR
0.0,0.974,0.8333333333333334,0.6,0.0063157894736842,0.4
1.0,0.992,0.92,0.92,0.0042105263157894,0.08
2.0,0.996,0.925925925925926,1.0,0.0042105263157894,0.0
3.0,0.998,0.9615384615384616,1.0,0.0021052631578947,0.0
4.0,0.996,0.925925925925926,1.0,0.0042105263157894,0.0
